"","t1","t2"
"1","AJJ55407.1_Yersinia_FliF","AJJ54987_AJJ55678_MotB_enterobacteria_Yersinia_pseudotuberculosis_IP_32953"
"2","AJJ56339.1_Yersinia_FliF","AJJ54987_AJJ55678_MotB_enterobacteria_Yersinia_pseudotuberculosis_IP_32953"
"3","QXB11719.1_Klebsiella_FliF","QXB11670_QXB11671_MotB_enterobacteria_Klebsiella_aerogenes"
"4","QKY95803.1_Shigella_FliF","QKY95842_QKY95843_MotB_enterobacteria_Shigella_sonnei"
"5","APW41625.1_Rhodoferax_FliF","APW42908_APW41584_MotB_b-proteobacteria_Rhodoferax_saidenbachensis"
"6","UBQ04382.1_Tepidimonas_FliF","UBQ05764_UBQ05765_MotB_b-proteobacteria_Tepidimonas_taiwanensis"
"7","ATU63999.1_Rhizobacter_FliF","ATU66302_ATU66303_MotB_b-proteobacteria_Piscinibacter_gummiphilus"
"8","ATU65965.1_Rhizobacter_FliF","ATU66302_ATU66303_MotB_b-proteobacteria_Piscinibacter_gummiphilus"
"9","ATU66744.1_Rhizobacter_FliF","ATU66302_ATU66303_MotB_b-proteobacteria_Piscinibacter_gummiphilus"
"10","AJJ55407.1_Yersinia_FliF","AJJ56783_AJJ55251_MotB_enterobacteria_Yersinia_pseudotuberculosis_IP_32953"
"11","AJJ56339.1_Yersinia_FliF","AJJ56783_AJJ55251_MotB_enterobacteria_Yersinia_pseudotuberculosis_IP_32953"
"12","BAC62879.1_Vibrio_FliF","BAC62899_BAC62900_LafU_protein_g-proteobacteria_Vibrio_parahaemolyticus_RIMD_2210633"
"13","ATU63999.1_Rhizobacter_FliF","ATU65955_ATU65954_histidine_kinase_b-proteobacteria_Piscinibacter_gummiphilus"
"14","ATU65965.1_Rhizobacter_FliF","ATU65955_ATU65954_histidine_kinase_b-proteobacteria_Piscinibacter_gummiphilus"
"15","ATU66744.1_Rhizobacter_FliF","ATU65955_ATU65954_histidine_kinase_b-proteobacteria_Piscinibacter_gummiphilus"
"16","AAG04490.1_Pseudomonas_FliF","AAG08339_AAG08338_MotB_g-proteobacteria_Pseudomonas_aeruginosa_PAO1"
"17","ACL94415.1_Caulobacter_FliF","ACL94252_AHI88541_HYP_CCNA_03938_a-proteobacteria_Caulobacter_vibrioides_NA1000"
"18","ADL02120.1_Brevundimonas_FliF","ADL02462_ADL02463_HYP_Bresu_3157_a-proteobacteria_Brevundimonas_subvibrioides_ATCC_15264"
"19","AEI88715.1_Candidatus_FliF","AEI88772_AEI88773_HYP_midi_00466_a-proteobacteria_Midichloria_mitochondrii_IricVA"
"20","QNQ09320.1_Sphingomonas_FliF","QNQ09341_QNQ09342_OmpA_a-proteobacteria_spingomonas_alpina"
"21","AEO47029.1_Rhodospirillum_FliF","AEO48360_AEO48361_OmpA_a-proteobacteria_Rhodosprillum_rubrum_F11"
"22","CDL00846.1_Magnetospirillum_FliF","CDK98316_CDK98315_flag_a-proteobacteria_Magnetosprillum_gryphiswaldense_MSR-1_v2"
"23","AIQ89829.1_Methylobacterium_FliF","AIQ92722_AIQ92723_OmpA_a-proteobacteria_Methylobacterium_oryzae_CBMB20"
"24","AEI88715.1_Candidatus_FliF","AEI89251_AEI89250_MotB_a-proteobacteria_Midichloria_mitochondrii_IricVA"
"25","BAH37373.1_Gemmatimonas_FliF","BAH37338_BAH37337_MotB_bacteria_Gemmatimonas_aurantiaca_T-27"
"26","QJR36449.1_Gemmatimonas_FliF","QJR36484_QJR36485_OmpA_bacteria_Gemmatimonas_groenlandica"
"27","CCW35059.1_Chthonomonas_FliF","CCW34551_CCW34550_flag_bacteria_Chthonomonas_calidirosea_T49"
"28","QOY88876.1_Paludibaculum_FliF","QOY88835_QOY88834_OmpA_bacteria_Paludibaculum_fermentans"
"29","QOY89262.1_Paludibaculum_FliF","QOY88835_QOY88834_OmpA_bacteria_Paludibaculum_fermentans"
"30","QOY88876.1_Paludibaculum_FliF","QOY86330_QOY86331_OmpA_bacteria_Paludibaculum_fermentans"
"31","QOY89262.1_Paludibaculum_FliF","QOY86330_QOY86331_OmpA_bacteria_Paludibaculum_fermentans"
"32","QOY88876.1_Paludibaculum_FliF","QOY85080_QOY85081_OmpA_bacteria_Paludibaculum_fermentans"
"33","QOY89262.1_Paludibaculum_FliF","QOY85080_QOY85081_OmpA_bacteria_Paludibaculum_fermentans"
"34","ACO32668.1_Acidobacterium_FliF","ACO33337_ACO34085_MotB_bacteria_Acidobacterium_capsulatum_ATCC_51196"
"35","ACB73714.1_Opitutus_FliF","ACB73691_ACB73690_OmpA_verrucomicrobia_Opitutus_terrae_PB90-1"
"36","ATC63675.1_Nibricoccus_FliF","ATC63650_ATC63649_MotB_verrucomicrobia_Nibricoccus_aquaticus"
"37","ABC76851.1_Syntrophus_FliF","ABC77078_ABC77077_transport_d-proteobacteria_Syntrophus_aciditrophicus_SB"
"38","BCB96474.1_Dissulfurispira_FliF","BCB96094_BCB96095_HYP_JZK55_10170_bacteria_Dissulfurispra_thermophila"
"39","ACI21849.1_Thermodesulfovibrio_FliF","ACI21445_ACI21439_MotB_bacteria_Thermodesulfovibrio_yellowstonii_DSM_11347"
"40","ADC89287.1_Thermocrinis_FliF","ADC89566_ADC89567_OmpA_aquificales_Thermocrinis_albus_DSM_14484"
"41","AOO64056.1_Sulfurospirillum_FliF","AOO65115_AOO65114_MotB_e-proteobacteria_Sulfurosprillum_haloresprans_DSM_13726"
"42","AFL88119.1_Terriglobus_FliF","AFL88814_AFL88815_flag_bacteria_Terriglobus_roseus_DSM_18391"
"43","AFL88119.1_Terriglobus_FliF","AFL88473_AFL88474_flag_bacteria_Terriglobus_roseus_DSM_18391"
"44","ACO32668.1_Acidobacterium_FliF","ACO33277_ACO31774_MotB_bacteria_Acidobacterium_capsulatum_ATCC_51196"
"45","QOY88876.1_Paludibaculum_FliF","QOY85398_QOY85399_OmpA_bacteria_Paludibaculum_fermentans"
"46","QOY89262.1_Paludibaculum_FliF","QOY85398_QOY85399_OmpA_bacteria_Paludibaculum_fermentans"
"47","QOY88876.1_Paludibaculum_FliF","QOY88866_QOY88867_OmpA_bacteria_Paludibaculum_fermentans"
"48","QOY89262.1_Paludibaculum_FliF","QOY88866_QOY88867_OmpA_bacteria_Paludibaculum_fermentans"
"49","AAG04490.1_Pseudomonas_FliF","AAG04849_AAG04850_MotD_g-proteobacteria_Pseudomonas_aeruginosa_PAO1"
"50","ACL65896.1_Anaeromyxobacter_FliF","ACL65905_ACL65906_OmpA_d-proteobacteria_Anaeromyxobacter_dehalogenans_2CP-1"
"51","ALA58335.1_Nitrospira_FliF","ALA58549_ALA58548_MotB_bacteria_Nitrospra_moscoviensis"
"52","BAM05992.1_Leptospirillum_FliF","BAM06016_BAM06017_flag_bacteria_Leptosprillum_ferrooxidans_C2-3"
"53","ACI21849.1_Thermodesulfovibrio_FliF","ACI21187_ACI20276_MotB_bacteria_Thermodesulfovibrio_yellowstonii_DSM_11347"
"54","BCB96474.1_Dissulfurispira_FliF","BCB96091_BCB96092_MotB_bacteria_Dissulfurispra_thermophila"
"55","AAR33742.1_Geobacter_FliF","AAR36419_AAR36420_MotB_d-proteobacteria_Geobacter_sulfurreducens_PCA"
"56","ACL22158.1_Desulfitobacterium_FliF","ACL22206_ACL22207_OmpA_firmicutes_Desulfitobacterium_hafniense_DCB-2"
"57","ABY94911.1_Thermoanaerobacter_FliF","ABY95376_ABY95375_OmpA_firmicutes_Thermoanaerobacter_pseudethanolicus_ATCC_33223"
"58","ADL43221.1_Caldicellulosiruptor_FliF","ADL42743_ADL42742_OmpA_firmicutes_Caldicellulosiruptor_obsidiansis_OB47"
"59","BAD41986.1_Symbiobacterium_FliF","BAD41956_BAD41955_MotB_firmicutes_Symbiobacterium_thermophilum_IAM_14863"
"60","CCW35059.1_Chthonomonas_FliF","CCW35905_CCW35906_flag_bacteria_Chthonomonas_calidirosea_T49"
"61","ATX78584.1_Mariprofundus_FliF","ATX78565_ATX78566_MotB_proteobacteria_Mariprofundus_aestuarium"
"62","ATX82919.1_Mariprofundus_FliF","ATX82900_ATX82901_MotB_proteobacteria_Mariprofundus_ferrinatatus"
"63","ALF48087.1_Campylobacter_FliF","ALF47869_ALF47868_flag_e-proteobacteria_Campylobacter_concisus"
"64","ADN09694.1_Sulfurimonas_FliF","ADN09321_ADN09320_OmpA_e-proteobacteria_Sulfurimonas_autotrophica_DSM_16294"
"65","ADG94151.1_Arcobacter_FliF","ADG94140_ADG94139_OmpA_e-proteobacteria_Arcobacter_nitrofigilis_DSM_7299"
"66","USF24605.1_Mucispirillum_FliF","USF23676_USF23675_MotB_bacteria_Mucisprillum_schaedleri_ASF457"
"67","ADD69076.1_Denitrovibrio_FliF","ADD67090_ADD67091_OmpA_bacteria_Denitrovibrio_acetiphilus_DSM_12809"
"68","QAR34056.1_Geovibrio_FliF","QAR32385_QAR32386_MotB_bacteria_Geovibrio_thiophilus"
"69","ATX78584.1_Mariprofundus_FliF","ATX78592_ATX78593_MotB_proteobacteria_Mariprofundus_aestuarium"
"70","ATX82919.1_Mariprofundus_FliF","ATX82928_ATX82929_MotB_proteobacteria_Mariprofundus_ferrinatatus"
"71","UBQ04382.1_Tepidimonas_FliF","UBQ06690_UBQ06689_OmpA_b-proteobacteria_Tepidimonas_taiwanensis"
"72","AEO47029.1_Rhodospirillum_FliF","AEO48324_AEO48325_OmpA_a-proteobacteria_Rhodosprillum_rubrum_F11"
"73","CDL00846.1_Magnetospirillum_FliF","CDK98228_CDK98227_MotB_a-proteobacteria_Magnetosprillum_gryphiswaldense_MSR-1_v2"
"74","AEO47029.1_Rhodospirillum_FliF","AEO47025_AEO48325_OmpA_a-proteobacteria_Rhodosprillum_rubrum_F11"
"75","QNQ09320.1_Sphingomonas_FliF","QNQ12173_QNQ09332_MotB_a-proteobacteria_spingomonas_alpina"
"76","BAC62879.1_Vibrio_FliF","BAC58952_BAC58953_MotB_g-proteobacteria_Vibrio_parahaemolyticus_RIMD_2210633"
"77","QEO40727.1_Vibrio_FliF","QEO41881_QEO41880_MotB_g-proteobacteria_Vibrio_cholerae"
"78","AIQ89829.1_Methylobacterium_FliF","AIQ92767_AIQ92766_OmpA_a-proteobacteria_Methylobacterium_oryzae_CBMB20"
"79","AEM21723.1_Brachyspira_FliF","AEM21069_AEM21070_flag_bacteria_Brachyspra_intermedia_PWS-A"
"80","EKT86534.2_Leptospira_FliF","EKT86693_EKT86692_MotB_bacteria_Leptospra_santarosai_Shermani_LT_821"
"81","QAT61603.1_Tissierella_FliF","QAT61614_QAT61615_MotB_firmicutes_Acidilutibacter_cellobiosedens"
"82","QAT61603.1_Tissierella_FliF","QAT63225_QAT63224_HYP_EQM13_17475_firmicutes_Acidilutibacter_cellobiosedens"
"83","BAS27497.1_Limnochorda_FliF","BAS27507_BAS27508_MotB_firmicutes_Limnochorda_pilosa"
"84","EKT86534.2_Leptospira_FliF","EKT88755_EKT85765_HYP_LSS_15831_bacteria_Leptospra_santarosai_Shermani_LT_821"
