"","x"
"1","ACL65896_ACL64052"
"2","ACL65896_ACL63649"
"3","ACL65896_ACL64950"
"4","ACL65896_ACL67494"
"5","ACL65896_ACL65905"
"6","ACL65896_ACL67782"
"7","AEO47029_AEO48685"
"8","AEO47029_AEO47594"
"9","AEO47029_AEO48360"
"10","AEO47029_AEO47025"
"11","AEO47029_AEO48324"
"12","CDL00846_CDK97637"
"13","CDL00846_CDK97994"
"14","CDL00846_CDK98316"
"15","CDL00846_CDK98228"
"16","ACL94415_ACL95886"
"17","ACL94415_ACL96805"
"18","ACL94415_ACL94252"
"19","ADL02120_ADL01024"
"20","ADL02120_ADL00174"
"21","ADL02120_ADL02462"
"22","ATX78584_ATX79746"
"23","ATX78584_ATX78565"
"24","ATX78584_ATX78592"
"25","ATX78584_ATX79248"
"26","ATX78584_ATX80498"
"27","ATX82919_ATX81215"
"28","ATX82919_ATX81939"
"29","ATX82919_ATX82900"
"30","ATX82919_ATX82928"
"31","ATX82919_ATX82358"
"32","AIQ89829_AIQ91305"
"33","AIQ89829_AIQ92722"
"34","AIQ89829_AIQ92767"
"35","ABQ62358_ABQ60495"
"36","ABQ62358_ABQ61581"
"37","ABQ62358_ABQ62189"
"38","ALA58335_ALA60092"
"39","ALA58335_ALA61164"
"40","ALA58335_ALA58549"
"41","BCB96474_BCB95125"
"42","BCB96474_BCB96094"
"43","BCB96474_BCB96091"
"44","ACI21849_ACI22061"
"45","ACI21849_ACI21445"
"46","ACI21849_ACI21187"
"47","ABC76851_ABC76751"
"48","ABC76851_ABC77078"
"49","BAM05992_BAM06957"
"50","BAM05992_BAM06016"
"51","BAM05992_BAM06053"
"52","AFL88119_AFL88265"
"53","AFL88119_AFL88606"
"54","AFL88119_AFL86415"
"55","AFL88119_AFL88814"
"56","AFL88119_AFL88473"
"57","AEI88715_AEI88825"
"58","AEI88715_AEI88772"
"59","AEI88715_AEI89251"
"60","AJJ56339_AJJ56099"
"61","AJJ56339_AJJ55217"
"62","AJJ56339_AJJ54987"
"63","AJJ56339_AJJ56783"
"64","QKY95803_QKY94846"
"65","QKY95803_QKY92913"
"66","QKY95803_QKY95842"
"67","QXB11719_QXB09426"
"68","QXB11719_QXB11428"
"69","QXB11719_QXB11670"
"70","ATU66744_ATU66653"
"71","ATU66744_ATU64277"
"72","ATU66744_ATU63282"
"73","ATU66744_ATU66302"
"74","ATU66744_ATU65955"
"75","ATU66744_ATU65616"
"76","UBQ04382_UBQ04634"
"77","UBQ04382_UBQ06174"
"78","UBQ04382_UBQ05764"
"79","UBQ04382_UBQ06690"
"80","UBQ04382_UBQ05954"
"81","APW41625_APW43236"
"82","APW41625_APW42557"
"83","APW41625_APW44370"
"84","APW41625_APW43194"
"85","APW41625_APW42908"
"86","APW41625_APW42522"
"87","QEO40727_QEO41016"
"88","QEO40727_QEO41881"
"89","QEO40727_QEO43084"
"90","AAG04490_AAG04358"
"91","AAG04490_AAG03587"
"92","AAG04490_AAG04082"
"93","AAG04490_AAG08339"
"94","AAG04490_AAG04849"
"95","AAG04490_AAG06371"
"96","BAC62879_BAC59320"
"97","BAC62879_BAC62899"
"98","BAC62879_BAC58952"
"99","BAC62879_BAC61768"
"100","AJJ55407_AJJ56099"
"101","AJJ55407_AJJ55217"
"102","AJJ55407_AJJ54987"
"103","AJJ55407_AJJ56783"
"104","ATU65965_ATU66653"
"105","ATU65965_ATU64277"
"106","ATU65965_ATU63282"
"107","ATU65965_ATU66302"
"108","ATU65965_ATU65955"
"109","ATU65965_ATU65616"
"110","QNQ09320_QNQ08778"
"111","QNQ09320_QNQ10683"
"112","QNQ09320_QNQ09341"
"113","QNQ09320_QNQ12173"
"114","AAR33742_AAR33363"
"115","AAR33742_AAR36419"
"116","ALF48087_ALF47869"
"117","AOO64056_AOO65115"
"118","ADN09694_ADN09321"
"119","QAR34056_QAR32385"
"120","QAR34056_QAR33784"
"121","QAR34056_QAR33430"
"122","QAR34056_QAR32927"
"123","ADD69076_ADD67090"
"124","ADD69076_ADD67744"
"125","ADD69076_ADD68377"
"126","ADD69076_ADD67609"
"127","ADD69076_ADD67874"
"128","USF24605_USF23676"
"129","USF24605_USF25003"
"130","QOY89262_QOY87643"
"131","QOY89262_QOY88067"
"132","QOY89262_QOY85080"
"133","QOY89262_QOY88835"
"134","QOY89262_QOY86330"
"135","QOY89262_QOY85398"
"136","QOY89262_QOY88866"
"137","QOY88876_QOY87643"
"138","QOY88876_QOY88067"
"139","QOY88876_QOY85080"
"140","QOY88876_QOY88835"
"141","QOY88876_QOY86330"
"142","QOY88876_QOY85398"
"143","QOY88876_QOY88866"
"144","ACO32668_ACO32834"
"145","ACO32668_ACO31817"
"146","ACO32668_ACO33337"
"147","ACO32668_ACO33277"
"148","BAH37373_BAH38987"
"149","BAH37373_BAH39052"
"150","BAH37373_BAH37338"
"151","QJR36449_QJR34845"
"152","QJR36449_QJR34785"
"153","QJR36449_QJR36484"
"154","ATU63999_ATU66653"
"155","ATU63999_ATU64277"
"156","ATU63999_ATU63282"
"157","ATU63999_ATU66302"
"158","ATU63999_ATU65955"
"159","ATU63999_ATU65616"
"160","ADG94151_ADG94140"
"161","QDU26973_QDU25289"
"162","QDU26973_QDU26963"
"163","QDU26973_QDU27583"
"164","QDU26973_QDU31292"
"165","QDU26973_QDU25322"
"166","QDU26973_QDU30851"
"167","QDU26973_QDU29130"
"168","QDU26973_QDU25761"
"169","QDU93976_QDU97593"
"170","QDU93976_QDU94732"
"171","QDU93976_QDU92956"
"172","QDU93976_QDU98188"
"173","QDU93976_QDU98468"
"174","QDU93976_QDU94893"
"175","QDU93976_QDU99088"
"176","QDU93976_QDU93364"
"177","CAD75367_CAD76169"
"178","CAD75367_CAD76944"
"179","CAD75367_CAD73493"
"180","CAD75367_CAD74695"
"181","CAD75367_CAD77369"
"182","CAD75367_CAD71937"
"183","BAD41986_BAD41956"
"184","AAC07196_AAC07752"
"185","ADC89287_ADC89566"
"186","ADC89287_ADC89509"
"187","BAS27497_BAS27507"
"188","BAS27497_BAS27557"
"189","ACB73714_ACB76604"
"190","ACB73714_ACB73691"
"191","ACB73714_ACB73533"
"192","ACB73714_ACB75629"
"193","ACB73714_ACB77180"
"194","ATC63675_ATC63650"
"195","ATC63675_ATC63405"
"196","ATC63675_ATC64798"
"197","ATC63675_ATC62712"
"198","ACL22158_ACL22206"
"199","CCW35059_CCW34551"
"200","CCW35059_CCW35905"
"201","CCW35059_CCW36281"
"202","ADL43221_ADL42743"
"203","ABY94911_ABY95376"
"204","QAT61603_QAT61614"
"205","QAT61603_QAT63225"
"206","AEM21723_AEM21069"
"207","AEM21723_AEM22241"
"208","EKT86534_EKT87439"
"209","EKT86534_EKT86693"
"210","EKT86534_EKT88755"
"211","EKT86534_EKT88184"
"212","EKT86534_EKT86397"
