,x,,,accession
1,AAC68314,1,_Chlamydia_FliF,AAC68314.1
2,AVM87899,1,_Chlamydia_T3SS,AVM87899.1
3,ACL65896,1,_Anaeromyxobacter_FliF,ACL65896.1
4,AFL88119,1,_Terriglobus_FliF,AFL88119.1
5,ACO32668,1,_Acidobacterium_FliF,ACO32668.1
6,BAD41986,1,_Symbiobacterium_FliF,BAD41986.1
7,BAH37373,1,_Gemmatimonas_FliF,BAH37373.1
8,QJR36449,1,_Gemmatimonas_FliF,QJR36449.1
9,QOY89262,1,_Paludibaculum_FliF,QOY89262.1
10,QOY88876,1,_Paludibaculum_FliF,QOY88876.1
11,ABS63798,1,_Parvibaculum_FliF,ABS63798.1
12,AEP09101,1,_Micavibrio_FliF,AEP09101.1
13,AEO47029,1,_Rhodospirillum_FliF,AEO47029.1
14,CDL00846,1,_Magnetospirillum_FliF,CDL00846.1
15,BAE49307,1,_Magnetospirillum_T3SS,BAE49307.1
16,AHK70359,1,_Gluconobacter_FliF,AHK70359.1
17,ACL94415,1,_Caulobacter_FliF,ACL94415.1
18,ADL02120,1,_Brevundimonas_FliF,ADL02120.1
19,ABI78744,1,_Hyphomonas_FliF,ABI78744.1
20,AIQ89829,1,_Methylobacterium_FliF,AIQ89829.1
21,BAL07813,1,_Bradyrhizobium_FliF,BAL07813.1
22,ABQ62358,1,_Brucella_FliF,ABQ62358.1
23,QEO41070,1,_Vibrio_T3SS,QEO41070.1
24,AFE09625,1,_Corallococcus_T3SS,AFE09625.1
25,ABF88690,1,_Myxococcus_T3SS,ABF88690.1
26,ADO74089,1,_Stigmatella_T3SS,ADO74089.1
27,CCB86648,1,_Parachlamydia_T3SS,CCB86648.1
28,AAC68161,1,_Chlamydia_T3SS_YscJ,AAC68161.1
29,AVM88570,1,_Chlamydia_T3SS_YscJ_HrcJ,AVM88570.1
30,CCB85093,1,_Parachlamydia_T3SS,CCB85093.1
31,EDR30632,1,_Yersinia_T3SS,EDR30632.1
32,AJJ53162,1,_Yersinia_T3SS_YscJ_HrcJ,AJJ53162.1
33,AAG05112,1,_Pseudomonas_T3SS,AAG05112.1
34,BAC59953,1,_Vibrio_T3SS,BAC59953.1
35,WP_015870333,1,_Edwardsiella_T3SS_SctJ,WP_015870333.1
36,AAQ60258,1,_Chromobacterium_T3SS,AAQ60258.1
37,BAJ02212,1,_Shewanella_T3SS,BAJ02212.1
38,CFQ38428,1,_Yersinia_T3SS,CFQ38428.1
39,EDR34178,1,_Yersinia_T3SS_YscJ_HrcJ,EDR34178.1
40,AJJ56869,1,_Yersinia_T3SS_YscJ_HrcJ,AJJ56869.1
41,AHF76786,1,_Sodalis_T3SS,AHF76786.1
42,CAH39023,1,_Burkholderia_T3SS,CAH39023.1
43,ABC34345,1,_Burkholderia_T3SS,ABC34345.1
44,CBJ47346,1,_Erwinia_T3SS,CBJ47346.1
45,CBJ46227,1,_Erwinia_T3SS,CBJ46227.1
46,AHF78198,1,_Sodalis_T3SS,AHF78198.1
47,AHF75698,1,_Sodalis_T3SS,AHF75698.1
48,TCV96683,1,_Biostraticola_T3SS,TCV96683.1
49,CBG35883,1,_Escherichia_T3SS,CBG35883.1
50,AGG29087,1,_Morganella_T3SS_HrcJ,AGG29087.1
51,POT59516,1,_Citrobacter_T3SS_YscJ_HrcJ,POT59516.1
52,QTD51128,1,_Sulfidibacter_T3SS_SctJ,QTD51128.1
53,CBJ47559,1,_Erwinia_T3SS,CBJ47559.1
54,KGT90338,1,_Erwinia_T3SS,KGT90338.1
55,AAY36249,1,_Pseudomonas_T3SS_YscJ_HrcJ,AAY36249.1
56,ADZ90362,1,_Marinomonas_T3SS_YscJ_HrcJ,ADZ90362.1
57,CAQ71857,1,_Cupriavidus_T3SS_SctJ,CAQ71857.1
58,AGC49958,1,_Lawsonia_T3SS,AGC49958.1
59,AAS94345,1,_Desulfovibrio_T3SS,AAS94345.1
60,AGC50595,1,_Lawsonia_T3SS_YscJ_HrcJ,AGC50595.1
61,CAH39099,1,_Burkholderia_T3SS,CAH39099.1
62,CAH38872,1,_Burkholderia_T3SS,CAH38872.1
63,ATU65453,1,_Rhizobacter_T3SS_YscJ_HrcJ,ATU65453.1
64,ABF88125,1,_Myxococcus_T3SS_YscJ_HrcJ,ABF88125.1
65,ADO70830,1,_Stigmatella_T3SS_YscJ_HrcJ,ADO70830.1
66,ACL64098,1,_Anaeromyxobacter_T3SS_YscJ,ACL64098.1
67,ACT13606,1,_Pectobacterium_FliF,ACT13606.1
68,AHF75751,1,_Sodalis_FliF,AHF75751.1
69,KFD13219,1,_Serratia_FliF,KFD13219.1
70,QXB11719,1,_Klebsiella_FliF,QXB11719.1
71,CFQ36607,1,_Yersinia_FliF,CFQ36607.1
72,AJJ56339,1,_Yersinia_FliF,AJJ56339.1
73,KLP57552,1,_Enterobacter_FliF,KLP57552.1
74,KLR25735,1,_Enterobacter_FliF,KLR25735.1
75,AAO68586,1,_Salmonella_FliF,AAO68586.1
76,AAL20881,1,_Salmonella_FliF,AAL20881.1
77,POT59441,1,_Citrobacter_FliF,POT59441.1
78,QKY95803,1,_Shigella_FliF,QKY95803.1
79,RPH21571,1,_Buttiauxella_FliF,RPH21571.1
80,CCJ72125,1,_Cronobacter_FliF,CCJ72125.1
81,KGT96016,1,_Erwinia_FliF,KGT96016.1
82,ARU98306,1,_Tatumella_FliF,ARU98306.1
83,BAB12793,1,_Buchnera_FliF,BAB12793.1
84,AAM67637,1,_Buchnera_FliF,AAM67637.1
85,CBJ46171,1,_Erwinia_FliF,CBJ46171.1
86,EHM41863,1,_Hafnia_FliF,EHM41863.1
87,WP_015871707,1,_Edwardsiella_FliF,WP_015871707.1
88,RPH26529,1,_Buttiauxella_FliF,RPH26529.1
89,CBJ47254,1,_Erwinia_FliF,CBJ47254.1
90,POT54770,1,_Citrobacter_FliF,POT54770.1
91,CFQ36177,1,_Yersinia_FliF,CFQ36177.1
92,ORN02599,1,_Pantoea_FliF,ORN02599.1
93,KGT93339,1,_Erwinia_FliF,KGT93339.1
94,TCV95562,1,_Biostraticola_FliF,TCV95562.1
95,AHF75271,1,_Sodalis_FliF,AHF75271.1
96,AFA40924,1,_Wigglesworthia_FliF,AFA40924.1
97,CAJ49324,1,_Bordetella_FliF,CAJ49324.1
98,AGG30848,1,_Morganella_FliF,AGG30848.1
99,AOM39532,1,_Xenorhabdus_FliF,AOM39532.1
100,CAH34218,1,_Burkholderia_FliF,CAH34218.1
101,ABC37528,1,_Burkholderia_FliF,ABC37528.1
102,AAU48881,1,_Burkholderia_FliF,AAU48881.1
103,ADE10838,1,_Sideroxydans_FliF,ADE10838.1
104,AAQ60803,1,_Chromobacterium_FliF,AAQ60803.1
105,CAQ72721,1,_Cupriavidus_FliF,CAQ72721.1
106,AAZ97553,1,_Thiobacillus_FliF,AAZ97553.1
107,ACT47836,1,_Methylotenera_FliF,ACT47836.1
108,ABE50245,1,_Methylobacillus_FliF,ABE50245.1
109,ATU66744,1,_Rhizobacter_FliF,ATU66744.1
110,APW41625,1,_Rhodoferax_FliF,APW41625.1
111,EGI75820,1,_Hylemonella_FliF,EGI75820.1
112,UBQ04382,1,_Tepidimonas_FliF,UBQ04382.1
113,AAW86347,1,_Aliivibrio_FliF,AAW86347.1
114,EAS77894,1,_Vibrio_FliF,EAS77894.1
115,BAC95245,1,_Vibrio_FliF,BAC95245.1
116,EPE37900,1,_Candidatus_FliF,EPE37900.1
117,QEO40727,1,_Vibrio_FliF,QEO40727.1
118,AAF95278,1,_Vibrio_FliF,AAF95278.1
119,EEW06433,1,_Vibrio_FliF,EEW06433.1
120,GAA03515,1,_Photobacterium_FliF,GAA03515.1
121,CAG19334,1,_Photobacterium_FliF,CAG19334.1
122,AVQ87012,1,_Plesiomonas_FliF,AVQ87012.1
123,WP_084977171,1,_Plesiomonas_FliF,WP_084977171.1
124,UXK10552,1,_Shewanella_FliF,UXK10552.1
125,ABV37670,1,_Shewanella_FliF,ABV37670.1
126,BAJ01403,1,_Shewanella_FliF,BAJ01403.2
127,AAN56227,2,_Shewanella_FliF,AAN56227.1
128,EAR29538,1,_Pseudoalteromonas_FliF,EAR29538.1
129,AAZ28086,1,_Colwellia_FliF,AAZ28086.1
130,GAC24878,1,_Paraglaciecola_FliF,GAC24878.1
131,AEP30462,1,_Glaciecola_FliF,AEP30462.1
132,EHR42289,1,_Alishewanella_FliF,EHR42289.1
133,ABK38602,1,_Aeromonas_FliF,ABK38602.1
134,ATP10457,1,_Aeromonas_FliF,ATP10457.1
135,EKB19994,1,_Aeromonas_FliF,EKB19994.1
136,QCG47664,1,_Aeromonas_FliF,QCG47664.1
137,EGW20512,1,_Methylobacter_FliF,EGW20512.1
138,ABD81448,1,_Saccharophagus_FliF,ABD81448.1
139,AAY38489,1,_Pseudomonas_FliF,AAY38489.1
140,AAG04490,1,_Pseudomonas_FliF,AAG04490.1
141,ABY99820,1,_Pseudomonas_FliF,ABY99820.1
142,EHJ04466,1,_Marinobacter_FliF,EHJ04466.1
143,CCG94784,1,_Marinobacter_FliF,CCG94784.1
144,ADZ92454,1,_Marinomonas_FliF,ADZ92454.1
145,AOU49298,1,_Legionella_FliF,AOU49298.1
146,QEI19385,1,_Cellvibrio_FliF,QEI19385.1
147,QBZ83471,1,_Hydrogenovibrio_FliF,QBZ83471.1
148,EAS78287,1,_Vibrio_FliF,EAS78287.1
149,EEW07867,1,_Vibrio_FliF,EEW07867.1
150,BAC62879,1,_Vibrio_FliF,BAC62879.1
151,ABV34690,1,_Shewanella_FliF,ABV34690.1
152,WP_084977082,1,_Plesiomonas_FliF,WP_084977082.1
153,CAG18477,1,_Photobacterium_FliF,CAG18477.1
154,EHM37691,1,_Hafnia_FliF,EHM37691.1
155,RPH29466,1,_Buttiauxella_FliF,RPH29466.1
156,KLP54135,1,_Enterobacter_FliF,KLP54135.1
157,CFQ44276,1,_Yersinia_FliF,CFQ44276.1
158,AJJ55407,1,_Yersinia_FliF,AJJ55407.1
159,CBG33087,1,_Escherichia_FliF,CBG33087.1
160,POT58671,1,_Citrobacter_FliF,POT58671.1
161,ATU65965,1,_Rhizobacter_FliF,ATU65965.1
162,AAQ60668,1,_Chromobacterium_FliF,AAQ60668.1
163,ABA58817,1,_Nitrosococcus_FliF,ABA58817.1
164,ACL73050,1,_Thioalkalivibrio_FliF,ACL73050.1
165,AGI74751,1,_Octadecabacter_FliF,AGI74751.1
166,ADE39075,1,_Candidatus_FliF,ADE39075.1
167,ACV75177,1,_Zymomonas_FliF,ACV75177.1
168,QNQ09320,1,_Sphingomonas_FliF,QNQ09320.1
169,AAZ97041,1,_Thiobacillus_T3SS,AAZ97041.1
170,AAC07196,1,_Aquifex_FliF,AAC07196.1
171,ADC89287,1,_Thermocrinis_FliF,ADC89287.1
172,AGH96362,1,_Pseudobdellovibrio_FliF,AGH96362.1
173,AHZ83763,1,_Bdellovibrio_FliF,AHZ83763.1
174,ATX78584,1,_Mariprofundus_FliF,ATX78584.1
175,ATX82919,1,_Mariprofundus_FliF,ATX82919.1
176,BAM05992,1,_Leptospirillum_FliF,BAM05992.1
177,AGC50281,1,_Lawsonia_FliF,AGC50281.1
178,AAS94796,1,_Desulfovibrio_FliF,AAS94796.1
179,WP_011366492,1,_Oleidesulfovibrio_FliF,WP_011366492.1
180,BAH77996,1,_Solidesulfovibrio_FliF,BAH77996.1
181,CAG37385,1,_Desulfotalea_FliF,CAG37385.1
182,ACV67866,1,_Desulfohalobium_FliF,ACV67866.1
183,ABA88441,1,_Syntrophotalea_FliF,ABA88441.1
184,RJP61224,1,_Candidatus_FliF,RJP61224.1
185,ACB73714,1,_Opitutus_FliF,ACB73714.1
186,ATC63675,1,_Nibricoccus_FliF,ATC63675.1
187,ALA58335,1,_Nitrospira_FliF,ALA58335.1
188,ACI21849,1,_Thermodesulfovibrio_FliF,ACI21849.1
189,AAR33742,1,_Geobacter_FliF,AAR33742.1
190,ACH40830,1,_Citrifermentans_FliF,ACH40830.1
191,ABC45369,1,_Salinibacter_FliF,ABC45369.1
192,AEI88715,1,_Candidatus_FliF,AEI88715.1
193,ABK42796,1,_Magnetococcus_FliF,ABK42796.1
194,WP_014824491,1,_Solibacillus_FliF,WP_014824491.1
195,WP_096550656,1,_Ureibacillus_FliF,WP_096550656.1
196,WP_066170015,1,_Metasolibacillus_FliF,WP_066170015.1
197,WP_053417471,1,_Viridibacillus_FliF,WP_053417471.1
198,WP_105928922,1,_Lysinibacillus_FliF,WP_105928922.1
199,WP_036123974,1,_Lysinibacillus_FliF,WP_036123974.1
200,WP_041074053,1,_Bacillus_FliF,WP_041074053.1
201,WP_151699469,1,_Psychrobacillus_FliF,WP_151699469.1
202,AAU40736,1,_Bacillus_FliF,AAU40736.1
203,KGA98254,1,_Alkalihalobacillus_FliF,KGA98254.1
204,BAD64804,1,_Alkalihalobacillus_FliF,BAD64804.1
205,BAB06177,1,_Halalkalibacterium_FliF,BAB06177.1
206,ADC48108,1,_Alkalihalophilus_FliF,ADC48108.1
207,BAC13511,1,_Oceanobacillus_FliF,BAC13511.1
208,ACK75069,1,_Borreliella_FliF,ACK75069.1
209,AAS11733,1,_Treponema_FliF,AAS11733.1
210,AAC65387,1,_Treponema_FliF,AAC65387.1
211,AEM21723,1,_Brachyspira_FliF,AEM21723.2
212,EKT86534,2,_Leptospira_FliF,EKT86534.1
213,ABZ96871,1,_Leptospira_FliF,ABZ96871.1
214,BCB96474,1,_Dissulfurispira_FliF,BCB96474.1
215,ABC76851,1,_Syntrophus_FliF,ABC76851.1
216,ACN16787,1,_Desulforapulum_FliF,ACN16787.1
217,SHK75940,1,_Desulfatibacillum_FliF,SHK75940.1
218,EEG76529,1,_Dethiobacter_FliF,EEG76529.1
219,ACL70438,1,_Halothermothrix_FliF,ACL70438.1
220,EGO63145,1,_Acetonema_FliF,EGO63145.1
221,ACZ19568,1,_Thermanaerovibrio_FliF,ACZ19568.1
222,QAR34056,1,_Geovibrio_FliF,QAR34056.1
223,ADD69076,1,_Denitrovibrio_FliF,ADD69076.1
224,USF24605,1,_Mucispirillum_FliF,USF24605.1
225,OSS41621,1,_Desulfurella_FliF,OSS41621.1
226,ALF48087,1,_Campylobacter_FliF,ALF48087.1
227,AOO64056,1,_Sulfurospirillum_FliF,AOO64056.1
228,ADN09694,1,_Sulfurimonas_FliF,ADN09694.1
229,ACM93021,1,_Nautilia_FliF,ACM93021.1
230,CAE11001,1,_Wolinella_FliF,CAE11001.1
231,ADG94151,1,_Arcobacter_FliF,ADG94151.1
232,ATU63999,1,_Rhizobacter_FliF,ATU63999.1
233,AAO36212,1,_Clostridium_FliF,AAO36212.1
234,WP_010965461,1,_Clostridium_FliF,WP_010965461.1
235,SHJ59096,1,_Anaerobranca_FliF,SHJ59096.1
236,QNO16415,1,_Alkalicella_FliF,QNO16415.1
237,OWZ84225,1,_Natranaerobius_FliF,OWZ84225.1
238,UMZ73356,1,_Natranaerofaba_FliF,UMZ73356.1
239,ACB84974,1,_Natranaerobius_FliF,ACB84974.1
240,ADL43221,1,_Caldicellulosiruptor_FliF,ADL43221.1
241,ABY94911,1,_Thermoanaerobacter_FliF,ABY94911.1
242,QAT61603,1,_Tissierella_FliF,QAT61603.1
243,ACM22640,1,_Thermotoga_FliF,ACM22640.1
244,BAS27497,1,_Limnochorda_FliF,BAS27497.1
245,AAS40694,1,_Bacillus_FliF,AAS40694.1
246,ACL22158,1,_Desulfitobacterium_FliF,ACL22158.1
247,CCW35059,1,_Chthonomonas_FliF,CCW35059.1
248,QDU26973,1,_Anatilimnocola_FliF,QDU26973.1
249,ADB18987,1,_Pirellula_T3SS,ADB18987.1
250,QDU93976,1,_Lignipirellula_FliF,QDU93976.1
251,ADY60058,1,_Rubinisphaera_T3SS_YscJ,ADY60058.1
252,CAD75367,1,_Rhodopirellula_FliF,CAD75367.1
253,BAD65007,1,_WP_061948745,BAD65007.1
254,WP_061948746,1,_WP_061948745,WP_061948746.1
255,KGA97906,1,_WP_061948745,KGA97906.1
256,AAU41482,1,_AAS43160,AAU41482.1
257,AAS43161,1,_AAS43160,AAS43161.1
258,BAD76687,1,_BAD76686,BAD76687.1
259,BAC13844,1,_BAC13843,BAC13844.1
260,AJH78041,1,_AJH78695,AJH78041.1
261,WP_008404262,1,_WP_008404261,WP_008404262.1
262,AUO18621,1,_AUO18620,AUO18621.1
263,WP_010965387,1,_WP_010965386,WP_010965387.1
264,AAO36130,1,_WP_010965386,AAO36130.1
265,SHJ67115,1,_SHJ67084,SHJ67115.1
266,QNO16150,1,_QNO16151,QNO16150.1
267,BAD40841,1,_BAD40840,BAD40841.